id,nombre,anio_apertura,rango_precios,descripcion
1,Restaurante Meléndez 1,1983,$$$,Usted saber también grado corte nuevo ahí luego igual primer fuerza.
2,Restaurante Carvajal 2,1996,$,Esos aun elecciones obra ante cabo bajo mayor.
3,Restaurante Almanza 3,2009,$$$$,España nuestra militar efectos él importante atrás consecuencia lópez momento pueden acuerdo supuesto duda partes.
4,Restaurante Ocasio 4,2002,$,Valor revolución mantener actividad antonio sería un familia personas ocasiones.
5,Restaurante Solís 5,1997,$$$,Unidos cómo nacional deben siglo abril opinión luego pasó sueño considera ministro.
6,Restaurante Rael 6,1982,$,Estoy muchas explicó actitud siempre decía niños porque tengo como partidos española grupos.
7,Restaurante Vásquez 7,2017,$,Desde actual diario desarrollo militar jorge u clase razón exterior bueno las alrededor.
8,Restaurante Zapata 8,1984,$$$$,Da unidos técnica familia sala marco movimiento le dado unas salida mientras europa.
9,Restaurante Acuña 9,2016,$,Español estamos tipos libro fondo manos puede cuales pueden sur dicen pedro partido mujer.
10,Restaurante Vera 10,2004,$$$$,Época arte partidos relación ii formación organización poco sus apoyo domingo calidad cargo si alrededor habla.
11,Restaurante de la Fuente 11,2019,$$$$,Industria su durante toma espacio francisco vuelve.
12,Restaurante Soliz 12,2014,$,Primero destino justicia porque interior hicieron casi salida usted hija riesgo.
13,Restaurante Laboy 13,1989,$$$,Comenzó buen situación única poco ambiente rodríguez datos primer unidos ambiente período acuerdo.
14,Restaurante Longoria 14,1988,$,Arte mantener imágenes dinero españa ahí grupo apenas superior cuando situación.
15,Restaurante de la Garza 15,1986,$$$$,Mientras servicios antonio dado función perdido aquí g.
16,Restaurante Garay 16,1985,$$,Social carrera personas garcía miedo valor amor ha imposible mucho deja quizá días mujer investigación.
17,Restaurante de la Torre 17,2014,$$$,Buen semana apoyo manera país ve habían paso estudio europea río vio.
18,Restaurante Holguín 18,1981,$,El puso después pesar suficiente unidos este lópez estudio creo económico verdad.
19,Restaurante Arredondo 19,1984,$,Edad siglo políticos mayor verdad ante de.
20,Restaurante Franco 20,2026,$$$,Parte mayo empresas problemas acto palabra volvió aun fuerzas fiscal.
21,Restaurante Meraz 21,2025,$$,Europa has una ni libre lenguaje principios momentos deseo diversos llegar tiene año igual necesario médico.
22,Restaurante Gutiérrez 22,1999,$$$$,Mismos españa tiempo existencia ahí civil humanos adelante actividades democracia encuentran consumo resto estamos tales efectos.
23,Restaurante Limón 23,1995,$$$,Españoles cuerpo vida dicho nadie objetivo acuerdo vista fuerte imagen tuvo afirmó base señor sistemas trabajo.
24,Restaurante Riojas 24,2025,$$$$,Algunas escuela un comunicación líder economía consecuencia solo duda libro anterior.
25,Restaurante Chavarría 25,2024,$$,Frente mañana máximo siendo afirmó precio libertad ejemplo me palabras esa acción.
26,Restaurante Nájera 26,2005,$$,Dirección habrá pasado haciendo siquiera encuentra hacia.
27,Restaurante Maldonado 27,2012,$$$,Padre uso marzo esa nosotros realizar siguiente movimiento sector muchos.
28,Restaurante Vaca 28,2006,$,Sangre resulta ahora un construcción intereses mañana económica mira primeras realidad rafael través paciente octubre.
29,Restaurante Martínez 29,2011,$$,Tipos contra meses mejores radio informe marzo marcha rafael general así deben serán.
30,Restaurante Olivas 30,2018,$$,Tenido grado decir compañía ve ciento después señaló niveles aun por calidad siglo.
31,Restaurante Miranda 31,2008,$$,Cargo mayoría allá pasó pie recuerdo uso debido existen.
32,Restaurante Téllez 32,1987,$$$$,S interior congreso fuerzas civil respuesta dio iglesia.
33,Restaurante Saiz 33,2017,$$$$,Edad dolor reunión trata español empresas actitud total fecha república tener exterior dicen habrá armas modelo.
34,Restaurante Partida 34,2010,$,Puede alguien central español tiempo área información podía juego donde grupos políticos reforma seis.
35,Restaurante Leiva 35,2011,$$,Mejores lugar ese tan partido hoy han.
36,Restaurante Mena 36,2004,$,Quiere primero fue sala niño larga tenían acciones m respuesta si larga pregunta comunicación.
37,Restaurante Velásquez 37,2013,$$$$,Has nuestra campaña tenido nacional siempre resultados humana hemos.
38,Restaurante Castañeda 38,1988,$$$,Bajo intereses les libre nuevas ésta social producción psoe llegado rafael.
39,Restaurante Rosas 39,1995,$$$,Partir niño lugar ella generales meses están diversas.
40,Restaurante Urbina 40,1997,$$$$,Posibilidad importante fernando meses temas producto equipo suerte civil diferentes grupo medio arriba tendrá.
41,Restaurante Flórez 41,2017,$,Instituto título tipo fuentes razones fuerzas serán has año.
42,Restaurante Longoria 42,2002,$$,Peor conciencia tú negro aquel práctica paso quiero comisión capaz aquellos perdido c marzo o cuarto.
43,Restaurante Lugo 43,2013,$,Antonio dicen te viene expresión viaje fueron lópez elementos.
44,Restaurante Mojica 44,2016,$$$,Cambio pp sean toma nueva costa desde momentos algunos consumo hijo construcción familia al van.
45,Restaurante Segura 45,1993,$,Mi imágenes única grupos cosa buen dolor pablo personal cual.
46,Restaurante de la O 46,2015,$$,Hija duda recursos realidad etapa embargo ciento programa decía ya.
47,Restaurante Villalobos 47,2009,$$$$,Partido cambio precio haber cuadro quiere supuesto formación que medios armas mientras supuesto único mí.
48,Restaurante Mendoza 48,1987,$,Estudios eran muerte organización falta puesto elecciones abril respecto etapa metros.
49,Restaurante Muro 49,2006,$$$$,Opinión estructura salida rey sistemas televisión actividad acerca historia seis mismos compañía paz un gente c.
50,Restaurante Pedraza 50,1980,$$,Los central fecha qué corazón estos acto autor usted deja sur camino decir eran fuego.
51,Restaurante Escalante 51,1992,$,Pronto amigo miembros principales aquellos le se hasta campo luego niño millones.
52,Restaurante Lara 52,1996,$$,Señor central aquellas europa causa un aún muy realizar antes luego.
53,Restaurante Burgos 53,2013,$$$,Radio pues éste líder pablo días vida proyectos español última construcción.
54,Restaurante Muñoz 54,2003,$,Curso como cuales profesional durante etapa carta resultado fuentes.
55,Restaurante Esquivel 55,1996,$$,Hizo pasado especialmente si solamente nuevos productos posible gobierno programa me noviembre razón algo unión.
56,Restaurante Rosas 56,1982,$$,Familia mujeres consejo grupos diez nuevas estamos iglesia carne uso miembros servicios ni.
57,Restaurante Longoria 57,2025,$,Tener seguridad santa base enfermedad había cultura hacen pone.
58,Restaurante Mesa 58,2008,$,Entrada alguna proyecto da nuevos he lleva etc serán alrededor libertad.
59,Restaurante Ordóñez 59,2002,$$$$,Con cámara familia comisión estudios ella título mirada tu según.
60,Restaurante Tello 60,2012,$,Fiscal tuvo los miedo pensar fuentes policía mujer especial.
61,Restaurante Santana 61,1992,$$$$,Como carácter estuvo información suficiente punto cámara finalmente miembros ambos sigue día ciudad doctor.
62,Restaurante Salgado 62,1983,$$$,Puerta pueda artículo permite paso mediante llevar además especial.
63,Restaurante Arevalo 63,1985,$$,Deseo madrid siete tienen ex fin rey.
64,Restaurante Frías 64,2021,$,Deben actual abril mesa ahora calle siete serán mismo esos jóvenes menos fuerzas.
65,Restaurante Leiva 65,1997,$$,Secretario rey supuesto comenzó aquellos compañía profesional.
66,Restaurante Rocha 66,1980,$$$,Mesa juicio pues últimos dónde las último estos libros ministro hija.
67,Restaurante Ulibarri 67,2019,$,Serie resto papel larga van ellas cuando.
68,Restaurante Gálvez 68,2010,$$$,Fácil comunidad voluntad incluso no todas aquí apoyo años cultura centro primeras seguridad segunda autoridades junio.
69,Restaurante Longoria 69,1984,$$,Hasta enero personal fondo tan tu pesetas través serán existencia necesario período forma veces.
70,Restaurante Cervantes 70,2015,$$,Habrá podría josé pocos nuestras ha seguir prensa comunidad orden muerte pie millones.
71,Restaurante Iglesias 71,2011,$,Mientras nunca autor pone pueda animales d otra considera alto cuba meses.
72,Restaurante Llamas 72,2014,$$$,Palabra habla tal hace pp será natural español hijos dicen.
73,Restaurante Puga 73,1994,$$$$,Después una control yo centros sala verdad congreso condiciones.
74,Restaurante Archuleta 74,2009,$,Propia josé habrá investigación formas vía miembros.
75,Restaurante Nieto 75,1995,$,Partir época ministerio todo cada prensa era animales españa p éxito todos pesar mujeres.
76,Restaurante Sanabria 76,1980,$$$$,Esa socialista serie empresas aspecto sistemas seguro volvió particular personas francia propia llamado dice.
77,Restaurante Barreto 77,2004,$,Presidente allá ojos serán tribunal social hijo ciencia sobre tanto estas josé formas.
78,Restaurante Ojeda 78,2008,$$,Vio presidente democracia reunión proyectos profesional lleva s santa queda mercado mira figura.
79,Restaurante Arreola 79,1990,$$,Incluso c dado mientras área político hombre pedro.
80,Restaurante Fierro 80,1990,$$,Menos meses torno vista presenta peso era veces grado materia blanca llevar unas pues país.
81,Restaurante Escobedo 81,2012,$$$,Ciencia lugar quienes esta hasta apoyo sean fin derecho medio.
82,Restaurante Casillas 82,2005,$$$,Gente enero trata pronto mes estado tipos pasa mirada cama plazo.
83,Restaurante Raya 83,2021,$$,Alrededor superior pregunta casa mesa habrá historia domingo buena mejor les tomar cierta cultural papel.
84,Restaurante Ruiz 84,2009,$,Seguir señor cuando santa vio visto sino relaciones noviembre.
85,Restaurante Beltrán 85,1981,$$$,Viene instituto artículo socialista marco resto derecho segunda objetivo.
86,Restaurante Herrera 86,1984,$$,Elementos valor políticos social distintos secretario hizo posibilidades.
87,Restaurante Madrid 87,2016,$$,Silencio función etapa tiene mismos antes el pero mejores posibilidad.
88,Restaurante Iglesias 88,2010,$$,Atrás bastante ya santiago sueño vino derecho formación ni pública palabras razones orden sean tiene estado.
89,Restaurante Vigil 89,2023,$$$,Mal puede gente tierra tenemos toda posibilidades ministro dejó ningún menos mucho cine.
90,Restaurante Rendón 90,1991,$$$$,Éste realidad proyecto decir análisis río todos.
91,Restaurante Caldera 91,2015,$,Allá arte lenguaje había tipos estuvo llegado.
92,Restaurante Carrera 92,1988,$,Francia serie señora tendrá con julio pp ayer difícil millones campaña técnica.
93,Restaurante Velásquez 93,2004,$,Manuel humano alguna trabajo quería resulta memoria ella libre sin compañía.
94,Restaurante Correa 94,2024,$$$$,Mujeres mujeres blanco mayor espacio proyecto agua todo música tema imposible nuestra título.
95,Restaurante Zavala 95,2020,$$$$,Origen área cámara partes habrá partidos total según garcía relaciones sociedad mientras.
96,Restaurante Arevalo 96,2022,$$$,Vía generales además octubre mejores sé condiciones acto favor este alrededor final hermano junto.
97,Restaurante Laboy 97,2012,$$$,Estados debe aun deben palabras investigación imagen encuentran meses conciencia total director ejemplo antes común.
98,Restaurante Jurado 98,1985,$,Cuando marcha perdido cuando iba poder hacerlo palabra.
99,Restaurante Amador 99,2021,$$$,Cuarto martín salud médico ocasión allí interior mano octubre cabeza llamado américa economía aquellas marcha.
100,Restaurante Reynoso 100,1995,$,Hacer qué forma enero reunión estos visto vuelta a.
101,Restaurante Colunga 101,2004,$$,Proyecto día mediante horas muestra ir medidas tomar persona juego cosa hombre hacía.
102,Restaurante Pineda 102,1999,$$,Mercado conjunto instituciones maría españa serie volver dios también radio psoe último diferentes comercio todo.
103,Restaurante Crespo 103,1999,$,Siguiente política estilo evitar asociación vida estado quiero económico otro.
104,Restaurante Arredondo 104,1981,$$$,Veces natural queda mujeres varias pesetas partido cierta atrás pie pues.
105,Restaurante Tamez 105,1991,$$$$,Carne conocer experiencia congreso secretario carne fueron junio natural ejemplo qué quiere.
106,Restaurante Barrios 106,2017,$,Comunicación proyectos escuela ninguna asociación has nacional pequeña n día considera éxito país.
107,Restaurante León 107,1995,$$$$,Ve ambiente tiempos cultural consecuencia libre exterior algún habría español.
108,Restaurante Hidalgo 108,1990,$$$$,Política generales total área causa sé alrededor base silencio esto económico vamos menos.
109,Restaurante Elizondo 109,1987,$,Pública tampoco ningún cierto superior hemos un existe pablo otro creo fernando.
110,Restaurante Mares 110,1988,$,Programas obras queda mí mayores existe abril podrá mi ministro bueno sangre propia estudio diez.
111,Restaurante Cordero 111,2019,$$$,Pese decisión existen causa hace sin población mujeres francisco tan paciente sus mil.
112,Restaurante Cordero 112,1989,$$$$,Apoyo fue paso ellos metros tal unas resulta fueron verdad un.
113,Restaurante Alcala 113,1996,$,Desde valor tú derecho existencia tenido al deseo te experiencia todavía.
114,Restaurante Rendón 114,2008,$$$,Cierta nada hacerlo total campaña participación gran varios comenzó cómo nivel esa ciudad produce futuro.
115,Restaurante Lerma 115,1989,$$$$,Único nosotros tenido tal se aquí son.
116,Restaurante Peres 116,2020,$,Necesario unión no humanos esto caso octubre estaban intereses parecía pensar podrá existen jefe d.
117,Restaurante Arteaga 117,2008,$,Puerto soy cuya ocho diferentes palabra perdido buenos contenido.
118,Restaurante Niño 118,1986,$$,Empresas carta le era uso ésta alta cantidad plan tres como persona demás elecciones palabra minutos.
119,Restaurante Mesa 119,2000,$$$$,Partir plaza niños manuel calidad conciencia recursos cuatro llegó niveles nuestro presidente aquí camino san.
120,Restaurante Reyes 120,1984,$$$$,Muestra pasar lo así bastante mirada vía cuestión fiscal profesional papel gobierno puedo.
121,Restaurante Laboy 121,1997,$$$$,C líder meses costa imposible sabía superior grandes.
122,Restaurante Saldaña 122,2008,$$$,Dirección economía algunas estos cuando finalmente pese nuevas.
123,Restaurante Botello 123,1996,$$$$,Algunos tenía solución mayo sueño partido hospital cuyo juego hubo mejores buenos popular joven cambio volver.
124,Restaurante Jaime 124,2019,$$$$,Éxito esta aire hemos hora época larga mesa aquellas.
125,Restaurante Acevedo 125,2010,$$$,Desarrollo fecha apoyo solamente realidad ayer cualquier mismo ocasiones acerca conocer parís político sueño.
126,Restaurante Irizarry 126,2000,$$,Podrá libre medidas pasa les principal enfermedad van mesa ocasiones madre pueden acuerdo verdad.
127,Restaurante Medrano 127,1986,$,Él interés especie ellas veces instituto tierra situación embargo cuadro interés.
128,Restaurante Rosario 128,1993,$$,Misma tienen años gobierno hacía grande hicieron muchas medios solo embargo tras pasado cuarto hubo próximo.
129,Restaurante Ríos 129,2024,$$$,Democracia tienen economía fútbol victoria instituto área supuesto real hijos.
130,Restaurante Portillo 130,2025,$$$$,Corazón si estilo fútbol aparece finalmente nuestras.
131,Restaurante Cuellar 131,1994,$$$,He realizar seguridad ambos flores hemos nadie ojos todas cuerpo.
132,Restaurante de León 132,1990,$,Presidente flores manos peor nacional esos va.
133,Restaurante Caballero 133,1994,$$$$,Dar nuestras aquella s he ejército muerto agua modelo estas solamente.
134,Restaurante Gaona 134,1988,$$$,Nuevos volver carácter está esa cual algunos ver prensa respuesta sólo producto fuera madre.
135,Restaurante Puga 135,2021,$$$$,Va salir estuvo programa por ministerio mil mañana energía libros largo obra.
136,Restaurante Gallardo 136,1993,$$$,Hubo elecciones nuestras universidad propio pone primero local cama mismo nuestra cual imagen puerta final.
137,Restaurante Hinojosa 137,2014,$$$$,Está decisión sol barcelona mayo sigue allá ser términos aun francisco derecho porque.
138,Restaurante Pedraza 138,2024,$$$,Alguna dado otra necesidad segunda forma campo dijo primeros sé algo etapa.
139,Restaurante Miranda 139,2002,$$$$,República salud veces considera bajo parte imposible.
140,Restaurante Mora 140,1995,$$,Parecía familia voz administración elecciones gonzález resultado siendo medida agua las.
141,Restaurante Ureña 141,2012,$$$,P último poder habrá cuanto último claro n gonzález mayoría se comercio casi.
142,Restaurante Abrego 142,1982,$$,Aún entrada caso mundo s tal internacional vez.
143,Restaurante Rodarte 143,1999,$$,Mano cómo suficiente encuentro cuerpo historia río llegado producción informe llama tema ministro encuentra socialista.
144,Restaurante Baeza 144,2007,$$,Produce fernando escuela gente llegar o adelante llama premio paciente ojos iglesia ahí necesidad.
145,Restaurante Sarabia 145,2008,$$$$,Líder estaban socialista anterior serie tampoco lado solamente ojos derechos ha humanos.
146,Restaurante Vargas 146,2020,$$$$,Empresa américa vida resultado reforma sentido pesar podía relaciones don.
147,Restaurante Estévez 147,2023,$,Vuelve común cuarto principales centro información esfuerzo partir hacia materia.
148,Restaurante Guerra 148,2019,$$$,Trabajar llamado línea no mes me viejo habían teoría partido la punto.
149,Restaurante Arellano 149,1982,$$$,Tampoco hospital ahora alrededor habrá ir productos hace empresa volvió oposición.
150,Restaurante Fajardo 150,2015,$$$,Producto vía nuestro llegar cosas director duda distintas partido forma profesional cuadro aquellos.
151,Restaurante Roldán 151,2006,$$,Pregunta madrid necesidad estructura tema mantener mejor presidente.
152,Restaurante Crespo 152,2024,$$$,Carrera libros puso septiembre cuadro rosa tenemos señaló tan.
153,Restaurante Sisneros 153,2022,$$$,Hombre centro comenzó plazo imposible pregunta viene elementos poner s materia cuanto presidente demás puerta.
154,Restaurante Meraz 154,2002,$$$$,Dice incluso tu principio mismo diario largo ambiente plazo resulta origen través problema él.
155,Restaurante Solano 155,2013,$$,Compañía cuarto él objeto y ambiente posible investigación cargo ante actividad natural amigos podía solo.
156,Restaurante Hernandes 156,1980,$$$$,Tarde condiciones cinco acción señora tras serán pacientes pone u somos arte respecto p muerto yo.
157,Restaurante Garrido 157,2013,$$$$,N allá defensa luz juicio semana incluso banco hombre.
158,Restaurante Pizarro 158,2004,$$$,Radio llegar corte profesional allá corte tras abril presente podrá fácil.
159,Restaurante Gil 159,1995,$$$$,Mar haya partido resulta temas puso otras veces fernando todo.
160,Restaurante Corrales 160,2002,$,Francisco mar aunque cierto pública han luis tanto con peso difícil calidad plan pronto principal mejor.
161,Restaurante Rivera 161,1986,$$,Peor memoria explicó fue general interés produce mucha.
162,Restaurante Lovato 162,1993,$$,Mundial muchos político aspecto muy por dirección pablo visto segunda cinco base resultado.
163,Restaurante Granado 163,2011,$$$$,Sentido cuanto queda claro palabra por partidos.
164,Restaurante Blanco 164,2010,$$,Unidos siguiente gente tiene capital acerca tierra u importante efecto.
165,Restaurante Oquendo 165,2007,$$,Manera derechos conocimiento fútbol primeros aspectos produce.
166,Restaurante García 166,2003,$,Electoral fuerza total organización adelante soy todas hemos lleva nosotros.
167,Restaurante Briseño 167,2014,$,Días precios sociales unidad informe casos qué actividad rodríguez equipo.
168,Restaurante Ceja 168,1986,$,Dijo juez estudio aspecto primeros políticas fuerza sería pesar paz educación.
169,Restaurante Iglesias 169,1993,$$$$,América madrid ya elecciones larga llega única.
170,Restaurante Badillo 170,1987,$$$$,Problema ella dejar visita mismo práctica generales mal con nuevas e mundo ninguna iba.
171,Restaurante Vanegas 171,2018,$$$,Cuba hombres miguel nunca persona pocos sur.
172,Restaurante Palomo 172,2020,$,Mantener les ministerio ejemplo llegó vino presente experiencia proyectos principio palabra aumento conjunto electoral otras varios.
173,Restaurante Quiñónez 173,2006,$$,Formas salir pequeña tierra cama comunidad hay pasado volver.
174,Restaurante Mercado 174,2000,$$$,Gente esto luz mundo condiciones sistemas así toma clase último posibilidades.
175,Restaurante Sáenz 175,1980,$,Instituciones enfermedad hacia ahora objetivo hacía meses proyectos mes tenemos acto distintos etapa posible.
176,Restaurante Corona 176,1984,$$$,Favor empresa medidas televisión realidad le familia programas veces estados edad norte distintos.
177,Restaurante Negrete 177,2022,$$,Considera llegar ayer seguro persona políticas natural años fecha quien diversas organización.
178,Restaurante Rael 178,2009,$$$$,Personal palabras señora solo méxico edad personas argentina libro quería españa económica mundial entrar oro donde.
179,Restaurante Ceballos 179,1986,$,Memoria solamente u izquierda puerto valores premio respecto arte interior medida tengo.
180,Restaurante Olivo 180,1992,$$$$,Mira estuvo mi varias muchos sigue color importantes siempre régimen jóvenes blanco.
181,Restaurante Barela 181,2001,$$,Uso izquierda tanto buena gran ayer dos consumo nada.
182,Restaurante Tejeda 182,1987,$,México fernando hijo hasta septiembre estudio posibilidades dentro democracia seguridad te fin grupos.
183,Restaurante Cotto 183,2002,$$,Sistema electoral cuerpo mercado nuevos dólares líder.
184,Restaurante Raya 184,1989,$$$$,Una obra imagen momentos hacía hijos temas cuestión u otras respuesta.
185,Restaurante Fuentes 185,2009,$,Eso ese antonio es historia por presenta político camino haya.
186,Restaurante Sauceda 186,2015,$$$$,Siglo serie oficial atención ésta puesto hablar precio estaba muy hasta propio.
187,Restaurante Vela 187,1988,$,Has mitad momento creo sangre siguientes armas sido reforma le difícil voz grupo razón.
188,Restaurante Cornejo 188,1981,$$$$,Ello barcelona baja difícil proyecto hacía iglesia empresas cuenta millones cosa.
189,Restaurante de la Rosa 189,2007,$,Parte comunidad i ejemplo operación cantidad propios cómo ayuda música ninguna principio soy sector dan.
190,Restaurante Marroquín 190,2008,$$$$,Lo marzo nuestros otras b términos frente pasó consecuencia según.
191,Restaurante Aguilera 191,1983,$$$$,Existen tanto grande partir propia obras cambio alrededor millones conjunto.
192,Restaurante Becerra 192,2010,$$$,Distintos acciones línea único sectores puso cultura persona análisis concepto además los carácter equipo hecho blanca.
193,Restaurante Cordero 193,1986,$,Sistemas fuego escuela primero partido pequeña forma allá ciento precios esos puede sentido.
194,Restaurante Lara 194,2006,$$,Todo dijo europa niño amor cuadro acciones contrario relaciones.
195,Restaurante Salgado 195,2007,$,Todavía ese cultural hacía octubre zonas amigo país poco c partes todas viaje.
196,Restaurante Cortés 196,1996,$$,Información quienes mí encuentra necesario hicieron conocer palabras primera suerte recuerdo mes atención aquellos mientras diez.
197,Restaurante Corral 197,2007,$,Antonio ser gente orden público caso vida buenos.
198,Restaurante de la Rosa 198,2002,$$,Conocimiento eran zona imagen punto produce afirmó democracia día se muy sueño.
199,Restaurante Figueroa 199,1980,$$,Dejó rosa lado elementos interior nuestros futuro alguna ciencia expresión.
200,Restaurante Cabrera 200,2018,$$$,Nuestros arriba respuesta como poder ve sur pueblo como parecía pone mitad fueron humana corazón.
