id,nombre,email,edad,pais
1,Jaime Pascual Sepúlveda,usuario1@correo.com,25,Colombia
2,Francisco Javier Timoteo Valadez,usuario2@correo.com,50,Perú
3,Olga Nayeli Salas,usuario3@correo.com,59,México
4,Ing. Elvia Acevedo,usuario4@correo.com,74,Honduras
5,Sra. Beatriz Loera,usuario5@correo.com,75,Chile
6,Mauricio Abraham Salas,usuario6@correo.com,57,Perú
7,Diana Osorio Heredia,usuario7@correo.com,44,Chile
8,Isabel Ocampo Serna,usuario8@correo.com,53,España
9,Jorge Benjamín Valdés,usuario9@correo.com,66,Chile
10,Florencia Loera,usuario10@correo.com,46,Honduras
11,Carmen Sessa Vélez Mares,usuario11@correo.com,18,Chile
12,José Luis Narváez Riojas,usuario12@correo.com,23,México
13,Arcelia Laura Vigil,usuario13@correo.com,36,México
14,Marisol Carrión,usuario14@correo.com,46,Guatemala
15,Mayte Pilar Salas,usuario15@correo.com,70,España
16,Mitzy Esperanza Peres,usuario16@correo.com,61,Colombia
17,Ing. Micaela Sisneros,usuario17@correo.com,31,Argentina
18,Samuel Garrido Ceballos,usuario18@correo.com,34,Colombia
19,Ramiro Candelaria Portillo,usuario19@correo.com,40,Argentina
20,Carmen María Teresa Girón Casas,usuario20@correo.com,65,Perú
21,Tania María Eugenia Trejo Heredia,usuario21@correo.com,58,México
22,Laura Manzanares,usuario22@correo.com,64,Colombia
23,Sessa Sánchez,usuario23@correo.com,23,Perú
24,Laura Lucía Fierro Lozano,usuario24@correo.com,52,Costa Rica
25,Sr. Alejandro Cornejo,usuario25@correo.com,36,España
26,Ing. Miriam Saiz,usuario26@correo.com,27,Chile
27,Débora Hurtado Ruelas,usuario27@correo.com,37,Guatemala
28,Mercedes Marisol Puente Valdez,usuario28@correo.com,72,Colombia
29,Humberto Mateo Reyna,usuario29@correo.com,41,España
30,Mario Porfirio Huerta,usuario30@correo.com,45,México
31,Cristal Lorena Roque Barela,usuario31@correo.com,43,Chile
32,Lic. José Luis Caldera,usuario32@correo.com,53,España
33,Luis Concepción,usuario33@correo.com,73,México
34,Adriana Arcelia Abrego Razo,usuario34@correo.com,45,Perú
35,Lic. Antonia Farías,usuario35@correo.com,69,Chile
36,Clemente Armendáriz,usuario36@correo.com,74,España
37,Estela Munguía,usuario37@correo.com,43,Perú
38,Abelardo Jacobo Vergara Velasco,usuario38@correo.com,34,Argentina
39,Vanesa Yuridia Cervántez Trejo,usuario39@correo.com,54,España
40,Nicolás Villalobos,usuario40@correo.com,50,Perú
41,Timoteo Patricio López Bravo,usuario41@correo.com,69,Guatemala
42,Susana Celia Cervántez,usuario42@correo.com,54,Honduras
43,Dra. Mayte Patiño,usuario43@correo.com,67,El Salvador
44,Catalina Miriam Estrada,usuario44@correo.com,70,Guatemala
45,Adriana Barbara Ordóñez,usuario45@correo.com,63,Perú
46,Amador Jorge Luis Morales,usuario46@correo.com,74,México
47,Alberto Segovia Rolón,usuario47@correo.com,63,Chile
48,Trinidad Madrigal Rascón,usuario48@correo.com,45,España
49,Blanca Salinas Robledo,usuario49@correo.com,27,España
50,Lic. Claudia Corrales,usuario50@correo.com,74,Honduras
51,Lic. Delia Puente,usuario51@correo.com,72,México
52,Dra. María Cristina Zamora,usuario52@correo.com,58,España
53,Armando Trujillo,usuario53@correo.com,61,España
54,Alma Daniela Delgadillo,usuario54@correo.com,63,Perú
55,Ricardo Arriaga Razo,usuario55@correo.com,34,Perú
56,Óliver Almonte,usuario56@correo.com,43,Costa Rica
57,Raúl Flavio Sierra Chavarría,usuario57@correo.com,53,Perú
58,Esteban Julio Laboy Pizarro,usuario58@correo.com,62,España
59,Liliana Berríos,usuario59@correo.com,69,Argentina
60,Georgina Cristina Montañez,usuario60@correo.com,45,Honduras
61,Guillermo Miguel Salinas Pelayo,usuario61@correo.com,36,Costa Rica
62,Lic. Ernesto Melgar,usuario62@correo.com,18,Guatemala
63,María Teresa Rael,usuario63@correo.com,27,Chile
64,Ramón Ramón Lara,usuario64@correo.com,47,Perú
65,Fidel Gabriel Adame,usuario65@correo.com,49,Colombia
66,Mauro Jesús Pantoja,usuario66@correo.com,30,Costa Rica
67,Susana Echeverría,usuario67@correo.com,62,España
68,José Cortez Mora,usuario68@correo.com,47,Perú
69,Úrsula Vega,usuario69@correo.com,67,España
70,Dulce Carmona,usuario70@correo.com,69,Argentina
71,Dra. Noelia Vanegas,usuario71@correo.com,53,Guatemala
72,Rufino Lozano,usuario72@correo.com,71,Costa Rica
73,Dra. Susana Valadez,usuario73@correo.com,38,España
74,Bruno Guillermo Caldera Pulido,usuario74@correo.com,69,México
75,Carlos Ángel Moya Escalante,usuario75@correo.com,46,Perú
76,Patricio Jacobo Lebrón,usuario76@correo.com,34,España
77,Sra. Florencia Mascareñas,usuario77@correo.com,29,Argentina
78,Gregorio Gonzalo Barajas Alcaraz,usuario78@correo.com,71,España
79,Esparta Liliana Alejandro,usuario79@correo.com,22,Costa Rica
80,Bernardo Gollum Altamirano,usuario80@correo.com,75,España
81,Sr. Bernardo Valentín,usuario81@correo.com,41,México
82,Dra. Graciela Reséndez,usuario82@correo.com,30,Argentina
83,Lic. Alta  Gracia Páez,usuario83@correo.com,27,España
84,Rebeca Galván Villegas,usuario84@correo.com,18,México
85,Lourdes Teresa Casares Noriega,usuario85@correo.com,18,España
86,Trinidad Heredia,usuario86@correo.com,55,Perú
87,Florencia Isabel Baeza,usuario87@correo.com,71,México
88,Aldonza Eva Menéndez,usuario88@correo.com,57,Honduras
89,Sr. Isaac Peña,usuario89@correo.com,33,México
90,Paola Almonte Torres,usuario90@correo.com,57,Guatemala
91,Daniela Valentín Badillo,usuario91@correo.com,66,Perú
92,Emiliano Wilfrido Casillas,usuario92@correo.com,35,Colombia
93,Alfonso Cristian Solorzano,usuario93@correo.com,27,Guatemala
94,Perla Madrid Anaya,usuario94@correo.com,38,Chile
95,Pamela Camila Moya,usuario95@correo.com,54,España
96,Judith Josefina Grijalva,usuario96@correo.com,62,El Salvador
97,Soledad Dulce María Castillo,usuario97@correo.com,52,Honduras
98,Reynaldo Aldo Toro Vaca,usuario98@correo.com,48,Chile
99,Esparta Carolina Gil,usuario99@correo.com,26,Chile
100,Adán Lebrón Toro,usuario100@correo.com,74,Perú
101,Liliana Estefanía Mascareñas Chavarría,usuario101@correo.com,36,México
102,Sra. Conchita Uribe,usuario102@correo.com,44,El Salvador
103,Porfirio Jaimes Molina,usuario103@correo.com,26,Chile
104,Guadalupe Badillo,usuario104@correo.com,37,Perú
105,Zeferino Guerra Rodrígez,usuario105@correo.com,44,Argentina
106,Francisco Sauceda Corona,usuario106@correo.com,69,El Salvador
107,Wendolin Isabela Gonzales,usuario107@correo.com,51,Honduras
108,Esther Montalvo,usuario108@correo.com,42,Guatemala
109,José Manuél Muñoz,usuario109@correo.com,24,Argentina
110,Sandra María Cristina Ulibarri Rojo,usuario110@correo.com,74,México
111,Dra. Cynthia Covarrubias,usuario111@correo.com,21,Colombia
112,Cecilia Mariana Adame,usuario112@correo.com,59,Colombia
113,Miriam Paredes Archuleta,usuario113@correo.com,67,Guatemala
114,Benito Isaac Nieves Treviño,usuario114@correo.com,19,Perú
115,Dr. Bruno Almanza,usuario115@correo.com,48,Colombia
116,Dulce Verduzco,usuario116@correo.com,61,Costa Rica
117,Sr. Julio César Olivares,usuario117@correo.com,46,Colombia
118,Minerva Cotto,usuario118@correo.com,25,España
119,Aurora Briones,usuario119@correo.com,47,Chile
120,Julio Joaquín Trujillo Ibarra,usuario120@correo.com,57,El Salvador
121,Sr. Silvano Espinal,usuario121@correo.com,27,Chile
122,Humberto Ignacio Toro Lira,usuario122@correo.com,51,Honduras
123,Carla Oquendo Esparza,usuario123@correo.com,45,Chile
124,Uriel Rosado Pichardo,usuario124@correo.com,39,España
125,Nancy de la Rosa Sevilla,usuario125@correo.com,56,Honduras
126,Ernesto Mascareñas Tirado,usuario126@correo.com,61,México
127,Emiliano Aldo Carrión Serrato,usuario127@correo.com,53,Argentina
128,José Manuél Barela Nazario,usuario128@correo.com,20,Honduras
129,Dr. Renato Corrales,usuario129@correo.com,59,El Salvador
130,Lic. Emilia Castro,usuario130@correo.com,20,Perú
131,Jerónimo Omar Carbajal,usuario131@correo.com,71,Guatemala
132,Juan Guillermo Madera,usuario132@correo.com,46,Honduras
133,Jos Nicolás Samaniego,usuario133@correo.com,48,Guatemala
134,Rodrigo Rafaél Gurule,usuario134@correo.com,26,Perú
135,Trinidad Reséndez Vigil,usuario135@correo.com,31,Perú
136,Antonia Barrientos Brito,usuario136@correo.com,75,El Salvador
137,Gloria Estefanía Gastélum de la Garza,usuario137@correo.com,28,El Salvador
138,Lucía Santillán Valenzuela,usuario138@correo.com,42,Costa Rica
139,Guillermina Salcido Padrón,usuario139@correo.com,45,Perú
140,Conchita Estrada Rivas,usuario140@correo.com,44,México
141,Jos Montez,usuario141@correo.com,42,Costa Rica
142,Paulina Juana Galindo,usuario142@correo.com,29,Colombia
143,Martín Rufino Cavazos Prado,usuario143@correo.com,29,Costa Rica
144,Ing. Clemente Maya,usuario144@correo.com,47,España
145,Lic. Guillermo Colunga,usuario145@correo.com,67,Argentina
146,Rosario Jasso,usuario146@correo.com,36,España
147,Jesús Collazo,usuario147@correo.com,29,Colombia
148,Blanca Jasso,usuario148@correo.com,51,España
149,Lic. Leonel Pabón,usuario149@correo.com,46,México
150,Roberto Mendoza Parra,usuario150@correo.com,51,Perú
151,Ariadna Saldaña Treviño,usuario151@correo.com,68,Costa Rica
152,Diana Pineda,usuario152@correo.com,70,México
153,Sessa Menéndez Balderas,usuario153@correo.com,72,Honduras
154,Zoé Concepción Alarcón,usuario154@correo.com,32,Guatemala
155,Ing. Cristobal Mesa,usuario155@correo.com,23,España
156,Lic. Liliana Rolón,usuario156@correo.com,59,Colombia
157,Ilse Adriana Archuleta Garay,usuario157@correo.com,44,Perú
158,Gustavo Jerónimo Almanza,usuario158@correo.com,68,El Salvador
159,Maximiliano Serrato,usuario159@correo.com,19,Colombia
160,Ing. Aurelio Valadez,usuario160@correo.com,72,El Salvador
161,René Alba,usuario161@correo.com,40,Perú
162,Elias Jesús Gaona,usuario162@correo.com,61,Chile
163,Delia Rebeca de la Rosa Mares,usuario163@correo.com,68,Perú
164,Rufino Luis Manuel Solorio,usuario164@correo.com,31,México
165,Lic. Carla Cardenas,usuario165@correo.com,57,Costa Rica
166,Héctor Perea Armendáriz,usuario166@correo.com,53,Chile
167,Roberto Porfirio Godoy Rodríguez,usuario167@correo.com,64,Honduras
168,Indira Montenegro Matías,usuario168@correo.com,54,Costa Rica
169,Ing. Esparta Sáenz,usuario169@correo.com,54,Costa Rica
170,Esmeralda Arce Saiz,usuario170@correo.com,60,Perú
171,Agustín Óliver Navarrete Hernandes,usuario171@correo.com,26,México
172,Daniela Ivonne Lara Sepúlveda,usuario172@correo.com,68,Costa Rica
173,Gabriela Dulce Verdugo,usuario173@correo.com,24,Argentina
174,Luis Barragán Saucedo,usuario174@correo.com,28,México
175,Frida Rosas,usuario175@correo.com,61,Guatemala
176,Sra. Mercedes Solorio,usuario176@correo.com,66,Colombia
177,Dra. Marisela Matías,usuario177@correo.com,64,El Salvador
178,Isabela Durán Bernal,usuario178@correo.com,59,México
179,Concepción Hinojosa,usuario179@correo.com,50,Colombia
180,Miriam Olivera,usuario180@correo.com,35,Chile
181,Uriel Fidel Anaya,usuario181@correo.com,71,México
182,Elvia Diana Portillo Sauceda,usuario182@correo.com,36,Colombia
183,Camila Serrano,usuario183@correo.com,28,Costa Rica
184,Héctor Sáenz,usuario184@correo.com,34,México
185,Rolando Jerónimo Narváez Orosco,usuario185@correo.com,18,Argentina
186,Rocío Tirado,usuario186@correo.com,73,Costa Rica
187,Eduardo Zepeda,usuario187@correo.com,44,Guatemala
188,Virginia Corral,usuario188@correo.com,21,México
189,Cristobal Salvador Ballesteros Aragón,usuario189@correo.com,33,Guatemala
190,Ing. Ernesto Chávez,usuario190@correo.com,37,México
191,Ing. Cristian Reyna,usuario191@correo.com,24,Perú
192,Esteban Amador Escamilla Corrales,usuario192@correo.com,54,Colombia
193,Sara Rosalia Saiz,usuario193@correo.com,38,España
194,Alicia Macías,usuario194@correo.com,56,Chile
195,Porfirio Narváez,usuario195@correo.com,20,Argentina
196,Arcelia Rivero,usuario196@correo.com,38,Chile
197,Cecilia Helena Concepción,usuario197@correo.com,31,Chile
198,Amalia Rodríguez,usuario198@correo.com,47,Argentina
199,Andrés Cabrera Morales,usuario199@correo.com,61,México
200,Dra. Hermelinda Amaya,usuario200@correo.com,61,Colombia
201,Pascual Eugenio Bustamante Pichardo,usuario201@correo.com,73,Perú
202,Débora Claudia Guajardo,usuario202@correo.com,61,Costa Rica
203,Oswaldo Galindo,usuario203@correo.com,42,Costa Rica
204,Celia Tello Pichardo,usuario204@correo.com,70,Colombia
205,María Cristina Isabela Fuentes,usuario205@correo.com,21,Argentina
206,Lic. Rolando Zepeda,usuario206@correo.com,74,Guatemala
207,Arcelia Dolores Estévez Carrillo,usuario207@correo.com,36,Colombia
208,José Zacarías Cotto,usuario208@correo.com,36,México
209,Eric Felix Prieto,usuario209@correo.com,37,Argentina
210,Marco Antonio Angulo,usuario210@correo.com,38,Chile
211,Carolina Jiménez,usuario211@correo.com,75,Guatemala
212,Ing. Leonardo Aguirre,usuario212@correo.com,52,Colombia
213,Miriam María Cristina Laboy Moreno,usuario213@correo.com,30,Perú
214,Carlota Barbara Colón Valencia,usuario214@correo.com,21,México
215,José Carlos Reséndez,usuario215@correo.com,28,Chile
216,Rebeca Salma Villaseñor,usuario216@correo.com,25,México
217,Rolando Mena Hernández,usuario217@correo.com,20,El Salvador
218,Miguel Miguel Ángel Montemayor,usuario218@correo.com,51,Colombia
219,Mitzy Tamez,usuario219@correo.com,56,Costa Rica
220,Hernán Ignacio Archuleta,usuario220@correo.com,19,Argentina
221,Silvano Alfredo Barrios,usuario221@correo.com,55,El Salvador
222,Margarita Valle,usuario222@correo.com,40,Argentina
223,Juan Carlos Samuel Reyes,usuario223@correo.com,42,Argentina
224,Ing. Natalia Alonzo,usuario224@correo.com,33,Argentina
225,Jaime Daniel Amador Cantú,usuario225@correo.com,60,Honduras
226,Arcelia Claudia Téllez,usuario226@correo.com,67,El Salvador
227,Sr. Alonso Batista,usuario227@correo.com,29,Perú
228,Lic. Bianca Mesa,usuario228@correo.com,19,Perú
229,Iván Modesto Guardado Medina,usuario229@correo.com,61,Perú
230,Vanesa Elvira Pabón Griego,usuario230@correo.com,43,Costa Rica
231,Graciela Peralta,usuario231@correo.com,68,El Salvador
232,Óscar Haro Yáñez,usuario232@correo.com,32,Guatemala
233,Mario Eugenio Carrera Villalobos,usuario233@correo.com,19,Costa Rica
234,Paulina Juana Rosas Tamayo,usuario234@correo.com,52,España
235,Pablo Gamez Olivo,usuario235@correo.com,44,Costa Rica
236,Raúl Rivero Cintrón,usuario236@correo.com,38,El Salvador
237,Dr. Ramiro Martínez,usuario237@correo.com,58,Chile
238,Lic. Santiago Alvarez,usuario238@correo.com,23,El Salvador
239,Raquel Solís de la Crúz,usuario239@correo.com,53,Guatemala
240,Blanca Valladares,usuario240@correo.com,59,Perú
241,Dulce Villa Benítez,usuario241@correo.com,70,Costa Rica
242,Claudia Reyna,usuario242@correo.com,39,Perú
243,Beatriz Barbara Pelayo,usuario243@correo.com,66,Colombia
244,Abril Elvira Estrada,usuario244@correo.com,21,Guatemala
245,Guillermo de la O Sosa,usuario245@correo.com,58,Honduras
246,Ing. Benito Herrera,usuario246@correo.com,48,Guatemala
247,Alfonso Flavio Valenzuela Carrillo,usuario247@correo.com,32,Perú
248,Nayeli Sonia Aranda Moya,usuario248@correo.com,73,El Salvador
249,Micaela Ruby Aragón Espinal,usuario249@correo.com,65,Argentina
250,Amelia Florencia Bustos de la Garza,usuario250@correo.com,63,Colombia
251,Homero Felix Aguilar,usuario251@correo.com,68,Honduras
252,Sr. Modesto Huerta,usuario252@correo.com,53,Costa Rica
253,Ricardo Emilio Trujillo,usuario253@correo.com,39,Honduras
254,Paola Toledo,usuario254@correo.com,41,Colombia
255,Oswaldo Avilés,usuario255@correo.com,47,España
256,Irma Gil,usuario256@correo.com,53,España
257,Karina Rivera,usuario257@correo.com,75,Chile
258,Germán Alejandro Alejandro,usuario258@correo.com,37,Honduras
259,Judith Noelia Burgos,usuario259@correo.com,28,Argentina
260,Tania Rosalia Domínguez de la Torre,usuario260@correo.com,27,España
261,Emilio Valdivia,usuario261@correo.com,75,Guatemala
262,Patricio Miranda,usuario262@correo.com,40,Perú
263,Eugenia Sessa de la Garza,usuario263@correo.com,62,Argentina
264,Arcelia Aida Montañez Benavídez,usuario264@correo.com,68,Guatemala
265,Rufino Rafaél Guerrero Rojo,usuario265@correo.com,58,El Salvador
266,Javier Eric Saldaña Urbina,usuario266@correo.com,23,Costa Rica
267,Darío Abel Ojeda,usuario267@correo.com,41,Perú
268,Pablo Luis Miguel Valverde,usuario268@correo.com,64,Costa Rica
269,Micaela Moya Botello,usuario269@correo.com,26,México
270,Sra. Silvia Hernádez,usuario270@correo.com,75,Guatemala
271,Claudio Ocasio,usuario271@correo.com,52,Honduras
272,Israel Villegas,usuario272@correo.com,72,Chile
273,Lic. Conchita Maldonado,usuario273@correo.com,37,Chile
274,Adela Anaya,usuario274@correo.com,20,Argentina
275,Concepción Reynoso Villanueva,usuario275@correo.com,42,Perú
276,Germán Modesto Covarrubias,usuario276@correo.com,51,El Salvador
277,Lic. Soledad Romo,usuario277@correo.com,50,México
278,Armando Cristian Acuña,usuario278@correo.com,23,El Salvador
279,Lic. Gloria Cordero,usuario279@correo.com,64,Argentina
280,Esmeralda Alejandra Quiroz,usuario280@correo.com,39,Perú
281,Dra. Catalina Olivárez,usuario281@correo.com,34,Costa Rica
282,Martín Villagómez Casas,usuario282@correo.com,20,Chile
283,Gabino Jerónimo Quiroz,usuario283@correo.com,60,Honduras
284,Juan Carlos Hernán Quiñones,usuario284@correo.com,28,Costa Rica
285,Frida Esmeralda Ramírez Partida,usuario285@correo.com,36,Perú
286,Francisca Graciela de la Garza Canales,usuario286@correo.com,36,Colombia
287,Lic. Alicia Flores,usuario287@correo.com,26,Argentina
288,Ignacio Páez,usuario288@correo.com,30,Guatemala
289,Jerónimo de Jesús,usuario289@correo.com,72,Chile
290,Gabino Juan Carlos Cazares,usuario290@correo.com,59,España
291,Dra. Sessa Terán,usuario291@correo.com,45,Colombia
292,Diana Rocío Ulloa,usuario292@correo.com,69,Perú
293,Lic. Guillermo Montenegro,usuario293@correo.com,28,Perú
294,Elvira Concepción Sauceda Madrid,usuario294@correo.com,19,El Salvador
295,Zacarías Estévez Macías,usuario295@correo.com,38,Perú
296,Marcos Santiago Castillo Rael,usuario296@correo.com,27,El Salvador
297,Salma Marisol Bahena,usuario297@correo.com,19,México
298,Dra. Alta  Gracia Ybarra,usuario298@correo.com,50,Guatemala
299,Ilse Valenzuela,usuario299@correo.com,71,Colombia
300,Lic. Francisco Javier Téllez,usuario300@correo.com,22,Colombia
301,Fabiola Santillán,usuario301@correo.com,37,Honduras
302,Irene Ordóñez Sotelo,usuario302@correo.com,52,El Salvador
303,Adalberto Pérez,usuario303@correo.com,56,Chile
304,Lourdes Ontiveros,usuario304@correo.com,33,El Salvador
305,Dra. Elvira Valdivia,usuario305@correo.com,24,Colombia
306,Ing. Isabel Anaya,usuario306@correo.com,49,México
307,Genaro Flavio del Río,usuario307@correo.com,73,México
308,Rosa Karina Rojas Cotto,usuario308@correo.com,42,Costa Rica
309,Micaela Cynthia Niño,usuario309@correo.com,57,Costa Rica
310,Ricardo Bravo Campos,usuario310@correo.com,59,México
311,Flavio Leonardo Castañeda,usuario311@correo.com,40,España
312,Pilar Inés Sevilla Calvillo,usuario312@correo.com,49,México
313,Elsa Guillermina Márquez,usuario313@correo.com,53,Perú
314,Bernardo Barraza Mondragón,usuario314@correo.com,33,Colombia
315,Maximiliano Zeferino Pedraza Camacho,usuario315@correo.com,61,España
316,Eugenio Rodolfo Ruelas,usuario316@correo.com,55,Colombia
317,Perla Durán Castellanos,usuario317@correo.com,23,México
318,Jorge Luis Genaro Córdova,usuario318@correo.com,67,México
319,María Elena Asunción Urbina Piña,usuario319@correo.com,69,España
320,Bernabé Agustín Rivas Piña,usuario320@correo.com,67,Costa Rica
321,Martín Pablo Ballesteros,usuario321@correo.com,34,Honduras
322,María José Irene Calvillo Arreola,usuario322@correo.com,28,Colombia
323,Cristal Lourdes Barrientos,usuario323@correo.com,45,Perú
324,Dr. Manuel Cardona,usuario324@correo.com,53,Colombia
325,Claudia Alba Collado,usuario325@correo.com,38,España
326,Lic. Georgina Holguín,usuario326@correo.com,43,Colombia
327,Aurora Verónica Gastélum,usuario327@correo.com,29,Honduras
328,Ángela Partida Borrego,usuario328@correo.com,69,España
329,Lic. Estefanía Matos,usuario329@correo.com,32,Colombia
330,Rocío Pamela Márquez,usuario330@correo.com,66,Colombia
331,Tomás Soria,usuario331@correo.com,44,Chile
332,Raúl Luis Miguel Hernandes Aponte,usuario332@correo.com,42,Honduras
333,Reina Heredia,usuario333@correo.com,27,España
334,María Cristina López,usuario334@correo.com,65,Chile
335,Esperanza Diana Villanueva,usuario335@correo.com,60,El Salvador
336,Citlali Isabel Sierra Mares,usuario336@correo.com,45,Costa Rica
337,Ing. César Zelaya,usuario337@correo.com,39,México
338,Abel Fajardo,usuario338@correo.com,38,Costa Rica
339,Lic. Ilse Matías,usuario339@correo.com,71,España
340,Jonás Lorenzo Pineda,usuario340@correo.com,34,El Salvador
341,Ing. Rebeca Ocampo,usuario341@correo.com,52,Costa Rica
342,José Manuél Marcos Regalado,usuario342@correo.com,32,Colombia
343,Dra. Ofelia Ocasio,usuario343@correo.com,27,Perú
344,Adriana Moya Olvera,usuario344@correo.com,67,México
345,Esmeralda Rosado Alarcón,usuario345@correo.com,35,Costa Rica
346,Lilia Robledo Armendáriz,usuario346@correo.com,54,España
347,Sra. Wendolin Lozano,usuario347@correo.com,58,Argentina
348,Natividad Ayala,usuario348@correo.com,43,Guatemala
349,Jesús Marcos Ibarra,usuario349@correo.com,53,Colombia
350,Frida Wendolin Hinojosa,usuario350@correo.com,61,Argentina
351,Felix Gamez Baeza,usuario351@correo.com,39,México
352,Gabino Ernesto Arroyo,usuario352@correo.com,61,España
353,Rosa Tirado Reyes,usuario353@correo.com,61,Perú
354,Vicente René Sevilla,usuario354@correo.com,51,Honduras
355,Sra. Florencia Castro,usuario355@correo.com,45,Colombia
356,Luis Miguel Gabino Carrión,usuario356@correo.com,59,Colombia
357,Camilo Arturo Villalpando,usuario357@correo.com,21,Argentina
358,Alta  Gracia Carlota Quintana,usuario358@correo.com,64,El Salvador
359,Aldonza Llamas,usuario359@correo.com,18,Costa Rica
360,Ivonne Noelia Quintana,usuario360@correo.com,53,Costa Rica
361,Amador Pedroza,usuario361@correo.com,26,Colombia
362,Dr. Gustavo Terán,usuario362@correo.com,55,Chile
363,Uriel Leonardo Arriaga Barrientos,usuario363@correo.com,44,España
364,Olga Lilia Romo Quintana,usuario364@correo.com,72,España
365,Abel Hugo Cabrera Cazares,usuario365@correo.com,39,Guatemala
366,Dalia Estela Ríos,usuario366@correo.com,20,Honduras
367,Rosalia Corona,usuario367@correo.com,58,México
368,Javier Crespo,usuario368@correo.com,60,Costa Rica
369,Sr. Camilo Espinoza,usuario369@correo.com,38,Guatemala
370,Judith Ángela Murillo Ornelas,usuario370@correo.com,67,Honduras
371,Abraham José Emilio Velázquez,usuario371@correo.com,68,España
372,Hernán Rodolfo Gaona,usuario372@correo.com,50,Costa Rica
373,Jorge Hidalgo,usuario373@correo.com,57,Colombia
374,Israel René Valenzuela,usuario374@correo.com,23,Perú
375,Ricardo Arturo Garza,usuario375@correo.com,62,Honduras
376,Noelia Irene Chapa de la Rosa,usuario376@correo.com,52,Guatemala
377,Evelio Rodolfo Hernádez Casares,usuario377@correo.com,24,El Salvador
378,Esmeralda Patricia Rodríguez,usuario378@correo.com,39,Honduras
379,Cynthia Escobedo Domínguez,usuario379@correo.com,47,Honduras
380,María José Barragán Yáñez,usuario380@correo.com,56,El Salvador
381,Zacarías Hugo Téllez Arroyo,usuario381@correo.com,63,Costa Rica
382,Inés Gastélum,usuario382@correo.com,23,Chile
383,Lic. Alejandro Magaña,usuario383@correo.com,44,Perú
384,Gustavo Mauro Orozco Candelaria,usuario384@correo.com,61,Chile
385,Iván Castañeda,usuario385@correo.com,53,El Salvador
386,Lic. Arturo Roque,usuario386@correo.com,24,Guatemala
387,Eva Lugo Ceja,usuario387@correo.com,35,Argentina
388,Armando Lovato Puga,usuario388@correo.com,20,El Salvador
389,Felipe Felipe Toledo,usuario389@correo.com,53,Perú
390,Aldo Mascareñas Ferrer,usuario390@correo.com,32,España
391,Zeferino Matos Cabrera,usuario391@correo.com,60,Colombia
392,Lic. Ramiro Patiño,usuario392@correo.com,39,Colombia
393,Natalia Gaona Arias,usuario393@correo.com,38,Chile
394,Teresa Velásquez Salcedo,usuario394@correo.com,48,Costa Rica
395,Vanesa Lourdes Bañuelos Monroy,usuario395@correo.com,49,Colombia
396,Débora Toro Hernández,usuario396@correo.com,71,Costa Rica
397,Salma Sosa,usuario397@correo.com,20,España
398,Leonor Terrazas Blanco,usuario398@correo.com,26,Guatemala
399,Marcos Rivero Ávila,usuario399@correo.com,48,Colombia
400,Sra. María Eugenia Concepción,usuario400@correo.com,34,España
401,Leonor Bianca Moya Casas,usuario401@correo.com,30,Colombia
402,Sr. Germán Pichardo,usuario402@correo.com,35,Perú
403,Fernando Ledesma,usuario403@correo.com,71,Argentina
404,Maximiliano Aguirre,usuario404@correo.com,37,Honduras
405,Alfonso Raúl Roldán,usuario405@correo.com,55,Guatemala
406,Concepción Orta Centeno,usuario406@correo.com,70,Argentina
407,Tomás Madera,usuario407@correo.com,73,México
408,Iván Marcos Llamas Pichardo,usuario408@correo.com,64,Perú
409,Noelia Lucía Fernández,usuario409@correo.com,61,Perú
410,Leonardo José María Nazario,usuario410@correo.com,67,Costa Rica
411,Uriel Tórrez,usuario411@correo.com,48,Chile
412,Lic. Virginia Saiz,usuario412@correo.com,23,Perú
413,Ing. Gerardo Menéndez,usuario413@correo.com,51,Chile
414,Araceli Esquivel,usuario414@correo.com,38,España
415,Dr. Aurelio Rincón,usuario415@correo.com,38,Colombia
416,Francisco Francisco Javier Mares Palomo,usuario416@correo.com,41,El Salvador
417,María Amalia Lara López,usuario417@correo.com,22,Perú
418,Alonso Hernán Rivera,usuario418@correo.com,73,El Salvador
419,Victoria Barrera Ontiveros,usuario419@correo.com,66,Costa Rica
420,Mercedes Prado,usuario420@correo.com,73,Perú
421,Linda Bustos Casares,usuario421@correo.com,51,Argentina
422,Sr. Andrés Solorio,usuario422@correo.com,58,México
423,Gerónimo Jerónimo Velázquez Matías,usuario423@correo.com,56,Honduras
424,Guillermo Jimínez,usuario424@correo.com,19,España
425,Horacio de la Rosa Valles,usuario425@correo.com,33,Honduras
426,Lic. Homero Rico,usuario426@correo.com,45,Perú
427,Yolanda Benavídez,usuario427@correo.com,72,Perú
428,Camila Jáquez,usuario428@correo.com,26,Perú
429,Lic. Abraham Duarte,usuario429@correo.com,31,Costa Rica
430,Arcelia Rosa Nevárez,usuario430@correo.com,67,España
431,Noemí Vanesa Aguilar,usuario431@correo.com,26,Perú
432,Abigail Barrios,usuario432@correo.com,61,Colombia
433,Adán Arias Martínez,usuario433@correo.com,41,Argentina
434,Adán Agustín Saiz Ávalos,usuario434@correo.com,52,Chile
435,Silvano Cardenas Quiroz,usuario435@correo.com,64,Perú
436,Federico Villegas Cortés,usuario436@correo.com,30,El Salvador
437,Débora Dulce María Arellano Niño,usuario437@correo.com,56,Perú
438,Alma Débora Arce Marrero,usuario438@correo.com,63,El Salvador
439,Martha Romero,usuario439@correo.com,64,El Salvador
440,Verónica Mónica Caldera Peres,usuario440@correo.com,26,Chile
441,Ángela Aurora Magaña,usuario441@correo.com,21,Guatemala
442,Elvia Isabel Botello,usuario442@correo.com,35,Costa Rica
443,Abelardo Esteban Anaya,usuario443@correo.com,70,El Salvador
444,Pedro Guajardo,usuario444@correo.com,26,Costa Rica
445,Alvaro Magaña Adame,usuario445@correo.com,52,Colombia
446,Abel Aguilar,usuario446@correo.com,26,España
447,Dr. Julio Estrada,usuario447@correo.com,28,El Salvador
448,Araceli Lucía Salcedo Calvillo,usuario448@correo.com,62,Guatemala
449,Irene Domínguez Villareal,usuario449@correo.com,66,El Salvador
450,Alonso Bonilla,usuario450@correo.com,61,El Salvador
451,Luis Miguel Mario Arias Segura,usuario451@correo.com,44,Chile
452,Eduardo Tomás Rascón,usuario452@correo.com,49,Perú
453,Alejandra Ilse Samaniego Zayas,usuario453@correo.com,19,Costa Rica
454,Serafín Wilfrido de la O Figueroa,usuario454@correo.com,32,Perú
455,Lic. Andrea Espinal,usuario455@correo.com,41,Perú
456,Óscar Ballesteros,usuario456@correo.com,23,España
457,Omar Bruno Sepúlveda Perea,usuario457@correo.com,61,Argentina
458,José Luis Rodrigo Casares,usuario458@correo.com,27,Colombia
459,Serafín Teodoro Zamudio Caraballo,usuario459@correo.com,27,Perú
460,Lic. Agustín Padrón,usuario460@correo.com,20,España
461,Indira Graciela Hurtado Tovar,usuario461@correo.com,18,Guatemala
462,Ana Luisa Piña Ortega,usuario462@correo.com,24,Colombia
463,Jesús Caldera,usuario463@correo.com,55,Costa Rica
464,Marisol Liliana Sisneros,usuario464@correo.com,39,Guatemala
465,Jaime Santiago Rivas Estévez,usuario465@correo.com,28,Perú
466,Sr. Darío Jáquez,usuario466@correo.com,30,México
467,Mauro Emiliano Ocampo,usuario467@correo.com,45,Argentina
468,Dr. Lucas Ortiz,usuario468@correo.com,30,El Salvador
469,Rafaél Enrique Vega Alvarado,usuario469@correo.com,33,Honduras
470,Srita. Adriana Suárez,usuario470@correo.com,60,España
471,Jacinto Elias Correa Amador,usuario471@correo.com,31,Colombia
472,Dr. Lorenzo Dávila,usuario472@correo.com,28,Perú
473,Elena Robles,usuario473@correo.com,73,Argentina
474,Teodoro Nava Armendáriz,usuario474@correo.com,64,Argentina
475,Ana María Sessa Casares,usuario475@correo.com,47,Colombia
476,Miriam Villalobos,usuario476@correo.com,63,Honduras
477,Margarita Alba,usuario477@correo.com,37,España
478,Sr. Jacobo Casárez,usuario478@correo.com,53,Chile
479,Nancy Ana Cantú Gonzales,usuario479@correo.com,48,México
480,Zeferino Collazo,usuario480@correo.com,74,Honduras
481,Conchita Olivo Villareal,usuario481@correo.com,65,Honduras
482,Luisa Esquivel Rodrígez,usuario482@correo.com,25,México
483,Carlota Rocha,usuario483@correo.com,40,Chile
484,Verónica Alma Segura,usuario484@correo.com,62,El Salvador
485,Bernardo Sergio Padrón Cardona,usuario485@correo.com,25,El Salvador
486,Bernardo Eugenio Tafoya Montaño,usuario486@correo.com,31,Argentina
487,Ana María María Arguello,usuario487@correo.com,30,Argentina
488,Emilio Cazares Gallardo,usuario488@correo.com,19,Perú
489,Leonor Venegas,usuario489@correo.com,27,Costa Rica
490,Pilar Hilda Flores,usuario490@correo.com,36,Colombia
491,Dr. Cristian Salas,usuario491@correo.com,43,Guatemala
492,Lic. Jaime Mayorga,usuario492@correo.com,48,Perú
493,Antonio Ferrer Nájera,usuario493@correo.com,47,Costa Rica
494,Amador Amador Pulido,usuario494@correo.com,71,Colombia
495,Omar Batista,usuario495@correo.com,49,El Salvador
496,Anel Sessa Castañeda de la O,usuario496@correo.com,24,El Salvador
497,Dr. Genaro Navarrete,usuario497@correo.com,53,Honduras
498,Luis Manuel Jonás Urrutia,usuario498@correo.com,40,España
499,Alta  Gracia Villegas Valadez,usuario499@correo.com,42,Chile
500,Natividad Aida Cantú,usuario500@correo.com,58,Chile
